https://www.lagou.com/jobs/4130493.html,Python爬虫工程师,10k-20k,静安区,上海勃池信息技术有限公司
https://www.lagou.com/jobs/4085755.html,Python爬虫工程师,13k-20k,虹口区,中腾信金融信息服务（上海）有限公司
https://www.lagou.com/jobs/4107109.html,Java／Python高级开发职责描述（爬虫方向）,15k-28k,浦东新区,上海证大喜马拉雅网络科技有限公司
https://www.lagou.com/jobs/3429880.html,Python研发工程师(爬虫方向),16k-22k,浦东新区,上海聚力传媒技术有限公司
https://www.lagou.com/jobs/4109564.html,Python(爬虫）开发工程师,10k-15k,徐汇区,上海哈希信息科技有限公司
https://www.lagou.com/jobs/4184905.html,Python开发工程师（上海）,15k-30k,浦东新区,平安科技（深圳）有限公司
https://www.lagou.com/jobs/4017292.html,高级爬虫工程师Python（电商、媒体）,18k-25k,普陀区,翔傲信息科技（上海）有限公司
https://www.lagou.com/jobs/3346434.html,高级Python研发工程师,15k-30k,徐汇区,上海贝涛金融信息服务有限公司
https://www.lagou.com/jobs/4055859.html,Python高级开发工程师,20k-30k,长宁区,北京爱奇艺科技有限公司
https://www.lagou.com/jobs/4060662.html,python工程师,8k-15k,浦东新区,上海海万信息科技股份有限公司
https://www.lagou.com/jobs/4121644.html,Java/Python资深开发工程师,35k-70k,静安区,上海互趣网络科技有限公司
https://www.lagou.com/jobs/3885914.html,后端python工程师,15k-25k,浦东新区,达疆网络科技（上海）有限公司
https://www.lagou.com/jobs/3980046.html,Python开发工程师,20k-40k,浦东新区,上海华瑞银行股份有限公司
https://www.lagou.com/jobs/4195737.html,Python资深开发工程师,18k-36k,长宁区,北京京东世纪贸易有限公司
https://www.lagou.com/jobs/2688021.html,高级Python后端研发工程师,15k-30k,浦东新区,上海斗象信息科技有限公司
https://www.lagou.com/jobs/3884663.html,高级爬虫工程师（Java/Python方向）,15k-30k,静安区,上海勃池信息技术有限公司
https://www.lagou.com/jobs/3215849.html,Python开发工程师（上海）,10k-15k,浦东新区,平安科技（深圳）有限公司
https://www.lagou.com/jobs/3726750.html,运维工程师（python）,8k-12k,闵行区,上海泛微网络科技股份有限公司
https://www.lagou.com/jobs/3968333.html,高级研发 Python,20k-25k,浦东新区,上海店达信息技术有限公司
https://www.lagou.com/jobs/4164099.html,后端开发工程师（Python）,15k-30k,徐汇区,上海触乐信息科技有限公司
https://www.lagou.com/jobs/4145751.html,高级 /Lead Python 爬虫与数据工程师,25k-40k,徐汇区,上海比璟网络科技有限公司
https://www.lagou.com/jobs/4186140.html,Python工程师,15k-30k,浦东新区,上海基分文化传播有限公司
https://www.lagou.com/jobs/4063313.html,高级Python开发工程师,15k-22k,黄浦区,上海阿牛信息科技有限公司
https://www.lagou.com/jobs/3240672.html,Python开发主管/经理（运维开发）,18k-35k,长宁区,北京三快在线科技有限公司
https://www.lagou.com/jobs/2108656.html,Python开发工程师,15k-25k,浦东新区,上海进馨网络科技有限公司
https://www.lagou.com/jobs/2438996.html,Python开发工程师,18k-28k,杨浦区,无锡华云数据技术服务有限公司
https://www.lagou.com/jobs/4147119.html,Python开发工程师,20k-40k,杨浦区,上海道客网络科技有限公司
https://www.lagou.com/jobs/4044245.html,Python开发／后端软件工程师.,20k-30k,虹口区,宏居网络技术（上海）有限公司
https://www.lagou.com/jobs/3977016.html,Python资深开发,12k-24k,徐汇区,上海众言网络科技有限公司
https://www.lagou.com/jobs/4120720.html,高级python开发工程师-SH415-41509,20k-40k,黄浦区,上海点融信息科技有限责任公司
https://www.lagou.com/jobs/3832017.html,阿里云运维工程师（python）,10k-20k,闵行区,上海泛微网络科技股份有限公司
https://www.lagou.com/jobs/3376282.html,Python 工程师,15k-30k,闵行区,上海果雪信息科技有限公司
https://www.lagou.com/jobs/3018083.html,Python工程师,10k-20k,静安区,千言信息技术（上海）有限公司
https://www.lagou.com/jobs/4149882.html,python开发工程师,14K-15K,浦东新区,上海坤亿信息技术有限公司
https://www.lagou.com/jobs/4196104.html,服务端研发工程师 - Python,15k-30k,浦东新区,上海晨芽教育科技有限公司
https://www.lagou.com/jobs/3546134.html,python工程师,15k-25k,徐汇区,上海青客公共租赁住房租赁经营管理股份有限公司
https://www.lagou.com/jobs/4071680.html,Python开发工程师,10k-20k,杨浦区,上海道客网络科技有限公司
https://www.lagou.com/jobs/4179491.html,Python工程师,10k-20k,普陀区,上海米闲企业管理合伙企业(有限合伙)
https://www.lagou.com/jobs/3875064.html,python讲师,20k-40k,宝山区,北京千锋互联科技有限公司
https://www.lagou.com/jobs/4090517.html,python架构,25k-35k,普陀区,苏州融畅软件科技有限公司
https://www.lagou.com/jobs/4040750.html,高级Python开发工程师,25k-50k,黄浦区,蜜柚网络科技（上海）有限公司
https://www.lagou.com/jobs/4195383.html,Python,15K-30K,徐汇区,上海萨图西网络有限公司
https://www.lagou.com/jobs/3384818.html,Python软件开发工程师,10k-15k,长宁区,瞬联软件科技（北京）有限公司
https://www.lagou.com/jobs/4120649.html,python开发工程师,15k-18k,普陀区,上海庆科信息技术有限公司
https://www.lagou.com/jobs/3516805.html,python 开发工程师,10k-20k,杨浦区,上海墨沐金融信息服务有限公司
https://www.lagou.com/jobs/3452584.html,运维工程师（python方向）,7k-12k,浦东新区,上海泛微网络科技股份有限公司
https://www.lagou.com/jobs/3848677.html,Python,15k-30k,静安区,千言信息技术（上海）有限公司
https://www.lagou.com/jobs/3773567.html,Python开发,15k-25k,闵行区,上海果雪信息科技有限公司
https://www.lagou.com/jobs/2145763.html,高级Python工程师,15k-25k,普陀区,拉扎斯网络科技（上海）有限公司
https://www.lagou.com/jobs/3360370.html,Python研发工程师,15k-30k,闸北区,深圳市房多多网络科技有限公司
https://www.lagou.com/jobs/3963448.html,python,10k-20k,浦东新区,上海微麦电子商务发展有限公司
https://www.lagou.com/jobs/4119231.html,高级 Python 研发工程师（上海）,10k-20k,杨浦区,上海道客网络科技有限公司
https://www.lagou.com/jobs/3942529.html,高级Python开发,12k-24k,徐汇区,上海众言网络科技有限公司
https://www.lagou.com/jobs/4195846.html,python工程师,10k-20k,徐汇区,上海千叶网络科技有限公司
https://www.lagou.com/jobs/4124625.html,Python后端开发工程师 (MJ000606),15k-30k,浦东新区,沪江教育科技（上海）股份有限公司
https://www.lagou.com/jobs/4130468.html,Python开发工程师,10k-20k,静安区,上海勃池信息技术有限公司
https://www.lagou.com/jobs/4158151.html,Python软件开发工程师,15k-18k,浦东新区,上海坤亿信息技术有限公司
https://www.lagou.com/jobs/4042218.html,python工程师,10k-20k,徐汇区,上海大岂网络科技有限公司
https://www.lagou.com/jobs/1764146.html,高级Python工程师,12k-22k,徐汇区,上海迈外迪网络科技有限公司
https://www.lagou.com/jobs/4137574.html,Python开发工程师,15k-30k,徐汇区,北京奇安信科技有限公司
https://www.lagou.com/jobs/2561590.html,资深／高级Python工程师,16k-32k,普陀区,拉扎斯网络科技（上海）有限公司
https://www.lagou.com/jobs/3910916.html,Python开发,12k-24k,徐汇区,上海众言网络科技有限公司
https://www.lagou.com/jobs/4156888.html,python高级研发,20k-35k,静安区,上海唯链信息科技有限公司
https://www.lagou.com/jobs/3988078.html,32-高级Python开发工程师,15k-25k,杨浦区,无锡华云数据技术服务有限公司
https://www.lagou.com/jobs/3429938.html,运维工程师（python自动化运维）,6k-12k,闵行区,上海泛微网络科技股份有限公司
https://www.lagou.com/jobs/4151403.html,高级Python开发工程师,20k-40k,长宁区,上海寻梦信息技术有限公司
https://www.lagou.com/jobs/3909214.html,Python高级开发,15k-30k,浦东新区,上海基分文化传播有限公司
https://www.lagou.com/jobs/3221662.html,Python 研发工程师,10k-20k,浦东新区,上海店达信息技术有限公司
https://www.lagou.com/jobs/4063498.html,Python后端工程师,15k-25k,杨浦区,源杉信息技术（上海）有限公司
https://www.lagou.com/jobs/3911329.html,高级Python开发工程师,25k-35k,杨浦区,上海优刻得信息科技有限公司
https://www.lagou.com/jobs/1044917.html,Python高级开发工程师,15k-20k,闵行区,上海易路软件有限公司
https://www.lagou.com/jobs/3204657.html,python工程师,12k-24k,浦东新区,上海拍拍贷金融信息服务有限公司
https://www.lagou.com/jobs/2441033.html,Python,12k-24k,徐汇区,上海壤歌市场营销策划有限公司
https://www.lagou.com/jobs/3886676.html,Python开发工程师,6k-10k,浦东新区,苏州博纳讯动软件有限公司
https://www.lagou.com/jobs/1900054.html,Python软件开发工程师,15k-22k,长宁区,阿基米德（上海）传媒有限公司
https://www.lagou.com/jobs/3307650.html,Python工程师,15k-25k,普陀区,拉扎斯网络科技（上海）有限公司
https://www.lagou.com/jobs/4042527.html,Python开发师,12k-24k,徐汇区,上海众言网络科技有限公司
https://www.lagou.com/jobs/4135691.html,大数据研发工程师-python,15k-30k,浦东新区,上海拍拍贷金融信息服务有限公司
https://www.lagou.com/jobs/3911343.html,中级Python开发工程师,15k-25k,杨浦区,上海优刻得信息科技有限公司
https://www.lagou.com/jobs/3036982.html,Python开发工程师,13k-25k,黄浦区,上海谷露软件有限公司
https://www.lagou.com/jobs/3732320.html,Java/Python开发工程师,18k-20k,杨浦区,千寻位置网络有限公司
https://www.lagou.com/jobs/4112587.html,python讲师,20k-40k,宝山区,北京千锋互联科技有限公司
https://www.lagou.com/jobs/3913981.html,Python开发工程师,15k-25k,浦东新区,上海阅文信息技术有限公司
https://www.lagou.com/jobs/3911802.html,python开发工程师,12k-19k,浦东新区,深圳市紫川软件有限公司
https://www.lagou.com/jobs/4087710.html,103-中级Python开发工程师,15k-25k,杨浦区,无锡华云数据技术服务有限公司
https://www.lagou.com/jobs/2732718.html,Python开发工程师,15k-25k,浦东新区,上海驻云信息科技有限公司
https://www.lagou.com/jobs/3965194.html,Python 开发工程师,20k以上,徐汇区,竹间智能科技（上海）有限公司
https://www.lagou.com/jobs/3729602.html,Python 开发工程师,10k-15k,浦东新区,两鲜商贸（上海）有限公司
https://www.lagou.com/jobs/3788698.html,高级Python开发工程师,15k-30k,静安区,深圳狗尾草智能科技有限公司
https://www.lagou.com/jobs/2943423.html,Python/Go 运维开发工程师,15k-25k,黄浦区,上海厚本金融信息服务有限公司
https://www.lagou.com/jobs/3826052.html,资深Python工程师,18k-25k,普陀区,拉扎斯网络科技（上海）有限公司
https://www.lagou.com/jobs/3911321.html,资深Python开发工程师,25k-35k,杨浦区,上海优刻得信息科技有限公司
https://www.lagou.com/jobs/4083539.html,高级Python工程师-W,30k-50k,普陀区,上海竞界科技有限公司
https://www.lagou.com/jobs/3470527.html,Python开发工程师,15k-25k,徐汇区,上海晓途网络科技有限公司
https://www.lagou.com/jobs/4189981.html,急聘python攻城狮,15k-25k,长宁区,浚皙商务咨询（上海）有限公司
https://www.lagou.com/jobs/4088135.html,python工程师,10k-15k,浦东新区,达而观信息科技（上海）有限公司
https://www.lagou.com/jobs/4105690.html,Python 工程师（数据平台）,10k-20k,徐汇区,仟传网络科技（上海）有限公司
https://www.lagou.com/jobs/3581192.html,后端开发工程师（Python）,16k-32k,长宁区,再惠（上海）网络科技有限公司
https://www.lagou.com/jobs/2094775.html,资深Python工程师,18k-28k,徐汇区,上海壤歌市场营销策划有限公司
https://www.lagou.com/jobs/3736946.html,Python开发工程师,10k-17k,浦东新区,深圳市雁联计算系统有限公司
https://www.lagou.com/jobs/4020899.html,高级Python开发工程师,18k-25k,杨浦区,无锡华云数据技术服务有限公司
https://www.lagou.com/jobs/4088383.html,Python开发工程师,7k-14k,虹口区,上海宏路数据技术股份有限公司
https://www.lagou.com/jobs/3286698.html,python开发工程师,15k-30k,虹口区,通联数据股份公司
https://www.lagou.com/jobs/3193977.html,Python,15k-30k,杨浦区,亿可能源科技（上海）有限公司
https://www.lagou.com/jobs/3814463.html,Python,15k-25k,浦东新区,上海哈杜科技有限公司
https://www.lagou.com/jobs/4112320.html,python工程师,15k-25k,杨浦区,上海悦易网络信息技术有限公司
https://www.lagou.com/jobs/4183017.html,高级python开发,18k-30k,普陀区,上海诣优信息技术有限公司
https://www.lagou.com/jobs/4185915.html,python工程师,15k-25k,静安区,上海成圣信息技术有限公司
https://www.lagou.com/jobs/3245544.html,Java开发工程师-数据抓取&amp;爬虫,25k-50k,长宁区,北京三快在线科技有限公司
https://www.lagou.com/jobs/4091204.html,Python图像处理开发工程师,15k-25k,徐汇区,上海懿天网络科技有限公司
https://www.lagou.com/jobs/2891319.html,Python,12k-17k,浦东新区,上海知助数据科技有限公司
https://www.lagou.com/jobs/4134094.html,Python开发工程师,20k-35k,浦东新区,上海基分文化传播有限公司
https://www.lagou.com/jobs/4022101.html,高级Python开发工程师,20k-35k,浦东新区,连尚（北京）网络科技有限公司
https://www.lagou.com/jobs/3905162.html,大数据应用工程师-Python,20k-40k,徐汇区,上海拿米金融信息服务有限公司
https://www.lagou.com/jobs/3470259.html,高级Python开发工程师,13k-25k,徐汇区,上海迈外迪网络科技有限公司
https://www.lagou.com/jobs/4181694.html,Python 实习生,4k-8k,嘉定区,上海进记网络科技有限公司
https://www.lagou.com/jobs/3717977.html,Python高级工程师,10k-16k,杨浦区,上海物思信息科技有限公司
https://www.lagou.com/jobs/4033714.html,后端python开发工程师,18k-35k,黄浦区,上海辰圣激光科技有限公司
https://www.lagou.com/jobs/3862748.html,Mano/虚拟化/openstack/python,10k-20k,长宁区,瞬联软件科技（北京）有限公司
https://www.lagou.com/jobs/3794717.html,Python开发工程师,10k-15k,杨浦区,广州杰颉软件科技有限公司
https://www.lagou.com/jobs/3906590.html,大数据应用工程师-Python,20k-35k,徐汇区,上海拿米金融信息服务有限公司
https://www.lagou.com/jobs/4177528.html,Python开发高级工程师,15k-30k,徐汇区,上海数旦信息技术有限公司
https://www.lagou.com/jobs/3911445.html,初级Python开发工程师,15k-25k,杨浦区,上海优刻得信息科技有限公司
https://www.lagou.com/jobs/3532718.html,高级 Python 开发工程师 （服务框架开发）,15k-25k,普陀区,拉扎斯网络科技（上海）有限公司
https://www.lagou.com/jobs/3018739.html,python高级大数据开发工程师,15k-30k,长宁区,阿基米德（上海）传媒有限公司
https://www.lagou.com/jobs/3921058.html,python高级工程师,15k-25k,宝山区,上海守易信息科技有限公司
https://www.lagou.com/jobs/4050575.html,资深python开发工程师,25k-35k,杨浦区,上海墨沐金融信息服务有限公司
https://www.lagou.com/jobs/4135705.html,爬虫工程师,15k-30k,浦东新区,晋商消费金融股份有限公司
https://www.lagou.com/jobs/3788208.html,python工程师,9k-18k,浦东新区,上海中畅信息科技有限公司
https://www.lagou.com/jobs/4098601.html,Python开发工程师,8k-15k,杨浦区,上海同济城市规划设计研究院
https://www.lagou.com/jobs/2782359.html,python工程师,10k-15k,徐汇区,上海壤歌市场营销策划有限公司
https://www.lagou.com/jobs/4165644.html,python工程师,30k-40k,浦东新区,北京云英传奇技术有限公司
https://www.lagou.com/jobs/4181273.html,python高级工程师,15k-25k,普陀区,上海数腾软件科技有限公司
https://www.lagou.com/jobs/4151825.html,Python爬虫工程师(Selenium方向),10k-20k,浦东新区,上海别样秀数据科技有限公司
https://www.lagou.com/jobs/2517136.html,Python开发,15k-25k,None,互道信息技术（上海）有限公司
https://www.lagou.com/jobs/1534647.html,Python开发工程师,13k-26k,普陀区,拉扎斯网络科技（上海）有限公司
https://www.lagou.com/jobs/3848558.html,Python工程师（互联网金融云平台开发）,10k-20k,浦东新区,上海中畅信息科技有限公司
https://www.lagou.com/jobs/1155330.html,PHP/Python研发工程师,15k-20k,浦东新区,上海幻电信息科技有限公司
https://www.lagou.com/jobs/3619773.html,高级Python软件工程师（服务端）,12k-24k,黄浦区,上海展卷信息科技有限公司
https://www.lagou.com/jobs/4075012.html,Python,30k-60k,长宁区,逸英网络科技（上海）有限公司
https://www.lagou.com/jobs/3715525.html,Python工程师,12k-24k,浦东新区,上海思华科技股份有限公司
https://www.lagou.com/jobs/4002448.html,python开发工程师,15k-25k,长宁区,高升控股股份有限公司
https://www.lagou.com/jobs/4104365.html,Python后端开发工程师,15k-30k,徐汇区,魔珐（上海）信息科技有限公司
https://www.lagou.com/jobs/4026921.html,爬虫工程师,13k-18k,杨浦区,深圳萨摩耶互联网金融服务有限公司
https://www.lagou.com/jobs/4096693.html,高级Python工程师,15k-25k,杨浦区,上海犀语科技有限公司
https://www.lagou.com/jobs/4091340.html,Python开发（环境好，氛围好）,8k-14k,长宁区,上海戎磐网络科技有限公司
https://www.lagou.com/jobs/4182310.html,爬虫工程师,15k-20k,杨浦区,上海悦易网络信息技术有限公司
https://www.lagou.com/jobs/4032619.html,Python Developer,10k-15k,徐汇区,学慧帮（上海）企业管理咨询有限公司
https://www.lagou.com/jobs/2635147.html,python开发工程师,15k-20k,徐汇区,北京众标网络科技有限公司上海分公司
https://www.lagou.com/jobs/4183211.html,Python工程师（后端）,10k-20k,浦东新区,我查查信息技术（上海）有限公司
https://www.lagou.com/jobs/3878688.html,python后台开发工程师,18k-35k,长宁区,上海祺玖电子商务有限公司
https://www.lagou.com/jobs/3617364.html,Python（年轻人的狂欢）,12k-20k,虹口区,上海炫体信息科技有限公司
https://www.lagou.com/jobs/3873685.html,Python开发,15k-30k,浦东新区,平安银行股份有限公司
https://www.lagou.com/jobs/4123246.html,Python工程师,15k-30k,浦东新区,互道信息技术（上海）有限公司
https://www.lagou.com/jobs/3459907.html,资深Python开发工程师,18k-36k,杨浦区,上海骞云信息科技有限公司
https://www.lagou.com/jobs/3334297.html,Python开发工程师,10k-20k,浦东新区,飞榴（上海）信息科技有限公司
https://www.lagou.com/jobs/4135794.html,Python开发工程师,20k-40k,黄浦区,行吟信息科技（上海）有限公司
https://www.lagou.com/jobs/3886061.html,后端（Python）开发工程师,16k-32k,长宁区,再惠（上海）网络科技有限公司
https://www.lagou.com/jobs/3403607.html,高级Python开发,10k-20k,徐汇区,上海迈外迪网络科技有限公司
https://www.lagou.com/jobs/3940015.html,爬虫工程师,18k-36k,闸北区,上海宝尊电子商务有限公司
https://www.lagou.com/jobs/4104009.html,Python教员/讲师,10k-20k,浦东新区,上海海同优才教育培训有限责任公司
https://www.lagou.com/jobs/3922870.html,爬虫开发工程师,10k-20k,浦东新区,百融（北京）金融信息服务股份有限公司
https://www.lagou.com/jobs/4021354.html,Python开发,10k-15k,浦东新区,上海江村市隐智能科技有限公司
https://www.lagou.com/jobs/4058601.html,Python算法高级工程师,22k-30k,长宁区,北京知藏云道科技有限公司
https://www.lagou.com/jobs/3919464.html,资深爬虫工程师,15k-24k,徐汇区,上海游族信息技术有限公司
https://www.lagou.com/jobs/4175886.html,Python数据开发工程师,7k-14k,杨浦区,上海润客投资控股有限公司
https://www.lagou.com/jobs/4075805.html,Python研发工程师,15K-22K,浦东新区,上海趋佳信息科技有限公司
https://www.lagou.com/jobs/3643164.html,爬虫工程师,10k-20k,徐汇区,上海宏原信息科技有限公司
https://www.lagou.com/jobs/4109316.html,爬虫开发工程师,15k-30k,徐汇区,上海晓途网络科技有限公司
https://www.lagou.com/jobs/3472995.html,资深爬虫开发工程师,20k-40k,杨浦区,华院数据技术（上海）有限公司
https://www.lagou.com/jobs/3966329.html,python开发,15k-20k,徐汇区,杉德巍康企业服务有限公司
https://www.lagou.com/jobs/4120240.html,python高级工程师,20k-35k,静安区,上海语酷网络科技有限公司
https://www.lagou.com/jobs/2170104.html,Python开发(云计算方向),12K-24K,闵行区,上海天玑科技股份有限公司
https://www.lagou.com/jobs/3398646.html,量化开发工程师-Python（区块链）,15k-25k,浦东新区,善林（上海）金融信息服务有限公司
https://www.lagou.com/jobs/4143122.html,python 开发工程师,10k-20k,浦东新区,上海酷犇网络科技有限公司
https://www.lagou.com/jobs/3029945.html,工具开发工程师(Python),10k-20k,浦东新区,平安银行股份有限公司
https://www.lagou.com/jobs/3971038.html,爬虫工程师,10k-15k,徐汇区,上海舟恩信息技术有限公司
https://www.lagou.com/jobs/4046313.html,Python 全栈工程师,15k-30k,浦东新区,五维引力（上海）数据服务有限公司
https://www.lagou.com/jobs/3627049.html,python工程师,8k-15k,黄浦区,北京推想科技有限公司
https://www.lagou.com/jobs/3904442.html,大数据应用工程师-Python,20k-40k,徐汇区,上海拿米金融信息服务有限公司
https://www.lagou.com/jobs/3111109.html,高级Python开发工程师,13k-23k,徐汇区,上海好体信息科技有限公司
https://www.lagou.com/jobs/1314790.html,Python,15k-25k,长宁区,浚皙商务咨询（上海）有限公司
https://www.lagou.com/jobs/2547224.html,资深爬虫工程师,15k-30k,徐汇区,上海画龙信息科技有限公司
https://www.lagou.com/jobs/3895299.html,架构师(Python技术架构),20k-40k,浦东新区,互道信息技术（上海）有限公司
https://www.lagou.com/jobs/4135405.html,Python后端工程师,15k-20k,闵行区,上海珩灵智能科技有限公司
https://www.lagou.com/jobs/4084668.html,Python后端开发工程师,15k-20k,浦东新区,上海数巧信息科技有限公司
https://www.lagou.com/jobs/3583601.html,爬虫开发工程师,15k-30k,浦东新区,上海好居信息科技有限公司
https://www.lagou.com/jobs/4159863.html,资深软件开发工程师Ruby/Java/Python,30k-40k,杨浦区,易安信信息技术研发（上海）有限公司
https://www.lagou.com/jobs/4047864.html,PHP/Python开发工程师,6k-8k,浦东新区,上海天存信息技术有限公司
https://www.lagou.com/jobs/4177298.html,网络爬虫工程师,10k-20k,长宁区,北京秒针信息咨询有限公司
https://www.lagou.com/jobs/4162919.html,Python软件工程师,10k-20k,徐汇区,上海微科数据科技有限公司
https://www.lagou.com/jobs/3922864.html,资深爬虫开发工程师,20k-40k,浦东新区,百融（北京）金融信息服务股份有限公司
https://www.lagou.com/jobs/3897074.html,高级Python工程师,18K-35K,黄浦区,上海茗日智能科技有限公司
https://www.lagou.com/jobs/3880843.html,高级Python工程师,14k-28k,虹口区,欢唱网络科技（上海）有限公司
https://www.lagou.com/jobs/3603207.html,爬虫工程师,15k-25k,徐汇区,上海遇志投资管理有限公司
https://www.lagou.com/jobs/4081042.html,高级爬虫工程师,15k-30k,徐汇区,上海画龙信息科技有限公司
https://www.lagou.com/jobs/4093612.html,python开发工程师,25k-30k,徐汇区,上海漕河泾开发区软件园职业培训中心
https://www.lagou.com/jobs/4052754.html,Python开发工程师,12k-20k,静安区,上海创远教育科技有限公司
https://www.lagou.com/jobs/3573502.html,爬虫工程师,10k-20k,徐汇区,上海微创软件股份有限公司北京分公司
https://www.lagou.com/jobs/4183081.html,Python开发工程师,15k-30k,徐汇区,上海淑礼信息科技有限公司
https://www.lagou.com/jobs/3954284.html,Python 研发工程师,12k-24k,杨浦区,上海见寻文化创意有限公司
https://www.lagou.com/jobs/4031160.html,兼职Scratch/Python老师（在线教育）,4k-7k,虹口区,威比网络科技（上海）有限公司
https://www.lagou.com/jobs/3625034.html,python开发工程师（SAAS云平台研发）,12k-24k,长宁区,上海合阔信息技术有限公司
https://www.lagou.com/jobs/4068445.html,联想Python,8K-10K,浦东新区,北京爱康国宾西内门诊部有限公司
https://www.lagou.com/jobs/4089543.html,Python Web开发工程师,18k-36k,虹口区,衍升科技（上海）有限公司
https://www.lagou.com/jobs/4123164.html,Python后端工程师,8k-15k,嘉定区,上海睿畜电子科技有限公司
https://www.lagou.com/jobs/4000161.html,python工程师,15k-30k,宝山区,上海试衣间信息科技有限公司
https://www.lagou.com/jobs/2460534.html,爬虫工程师,15k-25k,杨浦区,上海即果信息技术有限公司
https://www.lagou.com/jobs/3462720.html,爬虫工程师,15k-30k,普陀区,拉扎斯网络科技（上海）有限公司
https://www.lagou.com/jobs/4064689.html,Python开发工程师,7k-14k,浦东新区,上海云深网络技术有限公司
https://www.lagou.com/jobs/3939864.html,课程老师（python语言）,8k-12k,徐汇区,上海耕子教育科技有限公司
https://www.lagou.com/jobs/4130254.html,Python/Web开发工程师,20k-40k,黄浦区,上海博煊资产管理有限公司
https://www.lagou.com/jobs/4035768.html,java爬虫开发,7k-10k,虹口区,上海朋数信息科技有限公司
https://www.lagou.com/jobs/3507017.html,高级Python工程师,15k-30k,浦东新区,东吴（苏州）金融科技有限公司
https://www.lagou.com/jobs/3915807.html,爬虫工程师,9k-18k,徐汇区,上海舟恩信息技术有限公司
https://www.lagou.com/jobs/2015128.html,Python工程师,10k-15k,徐汇区,上海烯牛信息技术有限公司
https://www.lagou.com/jobs/3435094.html,软件开发工程师（Python/C++）,18k-36k,虹口区,通联数据股份公司
https://www.lagou.com/jobs/1605930.html,Python开发工程师,10k-15k,徐汇区,杭州轻触科技有限公司
https://www.lagou.com/jobs/2739244.html,Python 开发工程师,10k-20k,普陀区,趣驰（上海）网络科技有限公司
https://www.lagou.com/jobs/2312179.html,Python开发,12k-24k,杨浦区,上海骞云信息科技有限公司
https://www.lagou.com/jobs/3763654.html,网络爬虫工程师,15k-30k,长宁区,北京秒针信息咨询有限公司
https://www.lagou.com/jobs/4140385.html,Python开发工程师,15k-20k,浦东新区,上海岛昌爱佳医学科技股份有限公司
https://www.lagou.com/jobs/3086086.html,Python 程序员,10k-20k,浦东新区,上海玖恬网络科技有限公司
https://www.lagou.com/jobs/4098955.html,Python开发工程师,10k-20k,浦东新区,弘则弥道（上海）投资咨询有限公司
https://www.lagou.com/jobs/4050242.html,软件工程师（Python方向）,20k-30k,浦东新区,内蒙古君正互联网小额贷款有限公司
https://www.lagou.com/jobs/3334556.html,python开发工程师,10k-20k,徐汇区,杭州轻触科技有限公司
https://www.lagou.com/jobs/3602030.html,Python开发工程师,15k-25k,长宁区,携程计算机技术（上海）有限公司
https://www.lagou.com/jobs/3896856.html,Python/Java 实习导师,8K-10K,徐汇区,上海罗刻信息技术有限公司
https://www.lagou.com/jobs/459468.html,Python软件开发工程师,7k-10k,徐汇区,上海量讯电子商务有限公司
https://www.lagou.com/jobs/3821303.html,Python 高级开发工程师,15k-30k,浦东新区,上海数禾信息科技有限公司
https://www.lagou.com/jobs/4146180.html,Python工程师,15k-30k,浦东新区,上海隆达软件股份有限公司
https://www.lagou.com/jobs/3971497.html,Python开发工程师,7k-12k,长宁区,上海叠念信息科技有限公司
https://www.lagou.com/jobs/4164900.html,区块链 python 后台工程师,15k-30k,闵行区,上海彼脉网络信息科技有限公司
https://www.lagou.com/jobs/4113690.html,Python 开发工程师,14k-28k,徐汇区,上海掘东信息技术有限公司
https://www.lagou.com/jobs/4090460.html,Python开发助理,3k-5k,普陀区,广州森迪信息科技有限公司
https://www.lagou.com/jobs/4005270.html,javascript开发工程师（爬虫方向）,15k-30k,黄浦区,哦加哦网络科技（上海）有限公司
https://www.lagou.com/jobs/3076353.html,Python开发工程师,15k-20k,闵行区,上海犇众信息技术有限公司
https://www.lagou.com/jobs/3922324.html,Python后端工程师,12k-20k,黄浦区,上海茗日智能科技有限公司
https://www.lagou.com/jobs/3305220.html,Python工程师,10k-20k,静安区,上海企企网络科技有限公司
https://www.lagou.com/jobs/3725848.html,Python初级工程师,5k-10k,黄浦区,上海朴直信息科技有限公司
https://www.lagou.com/jobs/2538412.html,Python 开发工程师,10k-15k,浦东新区,上海数禾信息科技有限公司
https://www.lagou.com/jobs/4095534.html,安全开发工程师（python开发）,10k-20k,长宁区,携程计算机技术（上海）有限公司
https://www.lagou.com/jobs/4171085.html,Python软件开发工程师,7k-13k,徐汇区,上海量讯电子商务有限公司
https://www.lagou.com/jobs/3591121.html,Python开发工程师,8k-15k,徐汇区,上海悦米信息技术有限公司
https://www.lagou.com/jobs/3493241.html,数据分析与挖掘-python工程师,15k-25k,闸北区,卫宁互联网科技有限公司
https://www.lagou.com/jobs/4149160.html,Python后台开发,8k-11k,浦东新区,驰勤信息科技（上海）有限责任公司
https://www.lagou.com/jobs/3884592.html,高级爬虫工程师（C#方向）,15k-30k,杨浦区,上海勃池信息技术有限公司
https://www.lagou.com/jobs/3024328.html,Python中级/Odoo开发,10k-20k,长宁区,上海寰享网络科技有限公司
https://www.lagou.com/jobs/2913037.html,Python 后台工程师,7k-12k,浦东新区,升宝节能技术（上海）有限公司
https://www.lagou.com/jobs/3789596.html,Python前端工程师,8k-15k,静安区,上海众端网络科技有限公司
https://www.lagou.com/jobs/1459978.html,Python工程师,6k-12k,松江区,上海担路网络科技有限公司
https://www.lagou.com/jobs/4063447.html,python软件开发工程师,8K-15K,浦东新区,普珩（上海）信息科技有限公司
https://www.lagou.com/jobs/4131901.html,Python数据开发工程师,10k-20k,杨浦区,上海叮诺科技有限公司
https://www.lagou.com/jobs/3653101.html,爬虫工程师,9k-18k,杨浦区,上海众调信息科技有限公司
https://www.lagou.com/jobs/3688417.html,Python web开发工程师,15k-20k,浦东新区,乐荐信息科技（北京）有限公司
https://www.lagou.com/jobs/2867909.html,大数据爬虫工程师,15k-25k,浦东新区,上海金丘信息科技股份有限公司
https://www.lagou.com/jobs/4049446.html,高级Python开发工程师,25k-50k,黄浦区,北京字节跳动科技有限公司
https://www.lagou.com/jobs/4088527.html,Python工程师/后端工程师（三级）,12k-16k,徐汇区,上海隐石信息科技发展有限公司
https://www.lagou.com/jobs/4014900.html,Backend Dev (Python 优先）,10K-14K,黄浦区,马克西姆广告（上海）有限公司
https://www.lagou.com/jobs/3328208.html,后端工程师 ( Ruby / Python ),12k-18k,静安区,上海摩林网络科技有限公司
https://www.lagou.com/jobs/4111567.html,Python后端工程师,20k-30k,闵行区,苏州体素信息科技有限公司
https://www.lagou.com/jobs/3751860.html,爬虫工程师,15k-30k,杨浦区,深圳易睿思科技有限公司
https://www.lagou.com/jobs/4167056.html,爬虫工程师,15k-30k,徐汇区,上海银沛数据管理有限公司
https://www.lagou.com/jobs/3912809.html,爬虫开发工程师（Java）-SH,15k-25k,浦东新区,小黑鱼科技有限公司
https://www.lagou.com/jobs/4187392.html,JAVA后端研发工程师（爬虫）,15k-30k,徐汇区,上海中彦信息科技有限公司
https://www.lagou.com/jobs/3111060.html,高级PHP开发工程师（python）,15k-25k,徐汇区,上海好体信息科技有限公司
https://www.lagou.com/jobs/3517563.html,爬虫工程师,15k-20k,虹口区,上海胭黛氪丝投资咨询有限公司
https://www.lagou.com/jobs/4171172.html,PHP爬虫工程师,10k-16k,虹口区,上海摩柏网络科技有限公司
https://www.lagou.com/jobs/4060791.html,爬虫高级工程师（机器学习）,16k-32k,黄浦区,上海烨睿信息科技有限公司
https://www.lagou.com/jobs/4068200.html,UI程序员（Python/C++）,15k-20k,黄浦区,上海臻战电子科技有限公司
https://www.lagou.com/jobs/3054050.html,大数据爬虫高级工程师,15k-25k,浦东新区,上海金丘信息科技股份有限公司
https://www.lagou.com/jobs/2832556.html,java爬虫工程师,15k-30k,普陀区,拉扎斯网络科技（上海）有限公司
https://www.lagou.com/jobs/4112637.html,爬虫工程师,10k-15k,杨浦区,全民云(上海)科技有限公司
https://www.lagou.com/jobs/4141586.html,爬虫工程师（C#方向）,12k-18k,徐汇区,上海国益信息中心有限公司
https://www.lagou.com/jobs/2850241.html,数据爬虫工程师,10k-20k,浦东新区,上海虎犇金融信息服务有限公司
https://www.lagou.com/jobs/3544522.html,JAVA软件工程师（爬虫方向）,15k-25k,杨浦区,上海信数金融信息服务有限公司
https://www.lagou.com/jobs/4011023.html,资深爬虫工程师（Java）,15k-25k,长宁区,携程计算机技术（上海）有限公司
https://www.lagou.com/jobs/4058175.html,爬虫java开发工程师,8k-12k,浦东新区,上海嵩恒网络科技有限公司
https://www.lagou.com/jobs/4133268.html,JAVA数据爬虫工程师,10K-12K,浦东新区,上海我有券电子商务有限公司
https://www.lagou.com/jobs/3941091.html,iOS工程师（会PHP或Python优先）,15k-25k,浦东新区,我查查信息技术（上海）有限公司
https://www.lagou.com/jobs/3466026.html,JAVA爬虫工程师,15k-30k,浦东新区,宝付网络科技（上海）有限公司
https://www.lagou.com/jobs/3782091.html,Java爬虫开发工程师,15k-25k,长宁区,携程计算机技术（上海）有限公司
https://www.lagou.com/jobs/2401505.html,UMCloud-Python后端工程师,10k-20k,杨浦区,上海优刻得信息科技有限公司
https://www.lagou.com/jobs/2779439.html,Python开发工程师（全栈）,15k-25k,普陀区,拉扎斯网络科技（上海）有限公司
https://www.lagou.com/jobs/2779441.html,Python开发工程师（机器学习）,15k-25k,普陀区,拉扎斯网络科技（上海）有限公司
